Model,RMSE,MAE,R²,R²_log
Ridge,54.643933825479465,45.3757920177727,-0.2001814356682512,-0.02991536677568596
Random Forest,55.22669638929177,45.59399729846569,-0.22591715148518943,-0.036425611628676524
Gradient Boosting,56.876152999992804,46.45335694707049,-0.3002396906763114,-0.16056820716303477
XGBoost,57.627276394233284,47.05688515109108,-0.3348091648785183,-0.1719725163850312
LightGBM,57.929882076768074,47.37044095116927,-0.3488643614765463,-0.19043742391981122
