Model,RMSE (M€),MAE (M€),R²
Ridge,54.56468095055136,45.32251091676714,-0.1967025919816232
Random Forest,55.42879876886813,45.82987019380418,-0.23490606918693313
XGBoost,56.964922370443894,46.77743930507842,-0.3043015522692065
Gradient Boosting,57.10992390262909,46.84554488802082,-0.3109500798525029
LightGBM,58.19135975203381,47.633699177235584,-0.36106856040775726
